0x3203cc,Base HP,Base Atk,Base Def,Base Spe,Base SpAtk,Base SpDef,Type 1,Type 2,Catch Rate,Experience Yield,EVs Byte 1 (HP Atk Def Spe),EVs Byte 2 (SpAtk SpDef 0 0),Item 1,Item 2,Gender Ratio,Egg Cycles,Base Friendship,Growth Rate,Egg Group 1,Egg Group 2,Ability,Ability 2,Safari Zone Flee Rate,Body Color,Separator
000 None,0,0,0,0,0,0,0x0,0x0,0,0,0x0,0x0,0x0,0x0,0,0,0,0,0x0,0x0,0x0,0x0,0,0x0,0x0
001 Bulbasaur,45,49,49,45,65,65,Grass,Poison,45,64,0x0,0x1,0x0,0x0,31,20,70,3,0x1,0x7,0x41,0x0,0,0x3,0x0
002 Ivysaur,60,62,63,60,80,80,Grass,Poison,45,141,0x0,0x5,0x0,0x0,31,20,70,3,0x1,0x7,0x41,0x0,0,0x3,0x0
003 Venusaur,80,82,83,80,100,100,Grass,Poison,45,208,0x0,0x6,0x0,0x0,31,20,70,3,0x1,0x7,0x41,0x0,0,0x3,0x0
004 Charmander,39,52,43,65,60,50,Fire,Fire,45,65,0x40,0x0,0x0,0x0,31,20,70,3,0x1,0xe,0x42,0x0,0,0x0,0x0
005 Charmeleon,58,64,58,80,80,65,Fire,Fire,45,142,0x40,0x1,0x0,0x0,31,20,70,3,0x1,0xe,0x42,0x0,0,0x0,0x0
006 Charizard,78,84,78,100,109,85,Fire,Flying,45,209,0x0,0x3,0x0,0x0,31,20,70,3,0x1,0xe,0x42,0x0,0,0x0,0x0
007 Squirtle,44,48,65,43,50,64,Water,Water,45,66,0x10,0x0,0x0,0x0,31,20,70,3,0x1,0x2,0x43,0x0,0,0x1,0x0
008 Wartortle,59,63,80,58,65,80,Water,Water,45,143,0x10,0x4,0x0,0x0,31,20,70,3,0x1,0x2,0x43,0x0,0,0x1,0x0
009 Blastoise,79,83,100,78,85,105,Water,Water,45,210,0x0,0xc,0x0,0x0,31,20,70,3,0x1,0x2,0x43,0x0,0,0x1,0x0
010 Caterpie,45,30,35,45,20,20,Bug,Bug,255,53,0x1,0x0,0x0,0x0,127,15,70,0,0x3,0x3,0x13,0x0,0,0x3,0x0
011 Metapod,50,20,55,30,25,25,Bug,Bug,120,72,0x20,0x0,0x0,0x0,127,15,70,0,0x3,0x3,0x3d,0x0,0,0x3,0x0
012 Butterfree,60,45,50,70,80,80,Bug,Flying,45,160,0x0,0x6,0x0,0xbc,127,15,70,0,0x3,0x3,0xe,0x0,0,0x8,0x0
013 Weedle,40,35,30,50,20,20,Bug,Poison,255,52,0x40,0x0,0x0,0x0,127,15,70,0,0x3,0x3,0x13,0x0,0,0x5,0x0
014 Kakuna,45,25,50,35,25,25,Bug,Poison,120,71,0x20,0x0,0x0,0x0,127,15,70,0,0x3,0x3,0x3d,0x0,0,0x2,0x0
015 Beedrill,65,80,40,75,45,80,Bug,Poison,45,159,0x8,0x4,0x0,0xd3,127,15,70,0,0x3,0x3,0x44,0x0,0,0x2,0x0
016 Pidgey,40,45,40,56,35,35,Normal,Flying,255,55,0x40,0x0,0x0,0x0,127,15,70,3,0x4,0x4,0x33,0x0,0,0x5,0x0
017 Pidgeotto,63,60,55,71,50,50,Normal,Flying,120,113,0x80,0x0,0x0,0x0,127,15,70,3,0x4,0x4,0x33,0x0,0,0x5,0x0
018 Pidgeot,83,80,75,91,70,70,Normal,Flying,45,172,0xc0,0x0,0x0,0x0,127,15,70,3,0x4,0x4,0x33,0x0,0,0x5,0x0
019 Rattata,30,56,35,72,25,35,Normal,Normal,255,57,0x40,0x0,0x0,0x0,127,15,70,0,0x5,0x5,0x32,0x3e,0,0x6,0x0
020 Raticate,55,81,60,97,50,70,Normal,Normal,127,116,0x80,0x0,0x0,0x0,127,15,70,0,0x5,0x5,0x32,0x3e,0,0x5,0x0
021 Spearow,40,60,30,70,31,31,Normal,Flying,255,58,0x40,0x0,0x0,0x0,127,15,70,0,0x4,0x4,0x33,0x0,0,0x5,0x0
022 Fearow,65,90,65,100,61,61,Normal,Flying,90,162,0x80,0x0,0x0,0xd2,127,15,70,0,0x4,0x4,0x33,0x0,0,0x5,0x0
023 Ekans,35,60,44,55,40,54,Poison,Poison,255,62,0x4,0x0,0x0,0x0,127,20,70,0,0x5,0xe,0x16,0x3d,0,0x6,0x0
024 Arbok,60,85,69,80,65,79,Poison,Poison,90,147,0x8,0x0,0x0,0x0,127,20,70,0,0x5,0xe,0x16,0x3d,0,0x6,0x0
025 Pikachu,35,55,30,90,50,40,Electric,Electric,190,82,0x80,0x0,0x8b,0xca,127,10,70,0,0x5,0x6,0x9,0x0,6,0x2,0x0
026 Raichu,60,90,55,100,90,80,Electric,Electric,75,122,0xc0,0x0,0x0,0x8b,127,10,70,0,0x5,0x6,0x9,0x0,0,0x2,0x0
027 Sandshrew,50,75,85,40,20,30,Ground,Ground,255,93,0x10,0x0,0x0,0xb7,127,20,70,0,0x5,0x5,0x8,0x0,0,0x2,0x0
028 Sandslash,75,100,110,65,45,55,Ground,Ground,90,163,0x20,0x0,0x0,0xb7,127,20,70,0,0x5,0x5,0x8,0x0,0,0x2,0x0
029 Nidoran F,55,47,52,41,40,40,Poison,Poison,235,59,0x1,0x0,0x0,0x0,254,20,70,3,0x1,0x5,0x26,0x0,0,0x1,0x0
030 Nidorina,70,62,67,56,55,55,Poison,Poison,120,117,0x2,0x0,0x0,0x0,254,20,70,3,0xf,0xf,0x26,0x0,0,0x1,0x0
031 Nidoqueen,90,82,87,76,75,85,Poison,Ground,45,194,0x3,0x0,0x0,0x0,254,20,70,3,0xf,0xf,0x26,0x0,0,0x1,0x0
032 Nidoran M,46,57,40,50,40,40,Poison,Poison,235,60,0x4,0x0,0x0,0x0,0,20,70,3,0x1,0x5,0x26,0x0,0,0x6,0x0
033 Nidorino,61,72,57,65,55,55,Poison,Poison,120,118,0x8,0x0,0x0,0x0,0,20,70,3,0x1,0x5,0x26,0x0,0,0x6,0x0
034 Nidoking,81,92,77,85,85,75,Poison,Ground,45,195,0xc,0x0,0x0,0x0,0,20,70,3,0x1,0x5,0x26,0x0,0,0x6,0x0
035 Clefairy,70,45,48,35,60,65,Normal,Normal,150,68,0x2,0x0,0x8a,0x5e,191,10,140,4,0x6,0x6,0x38,0x0,0,0x9,0x0
036 Clefable,95,70,73,60,85,90,Normal,Normal,25,129,0x3,0x0,0x8a,0x5e,191,10,140,4,0x6,0x6,0x38,0x0,0,0x9,0x0
037 Vulpix,38,41,40,65,50,65,Fire,Fire,190,63,0x40,0x0,0x88,0x88,191,20,70,0,0x5,0x5,0x12,0x0,0,0x5,0x0
038 Ninetales,73,76,75,100,81,100,Fire,Fire,75,178,0x40,0x4,0x88,0x88,191,20,70,0,0x5,0x5,0x12,0x0,0,0x2,0x0
039 Jigglypuff,115,45,20,20,45,25,Normal,Normal,170,76,0x2,0x0,0x0,0x0,191,10,70,4,0x6,0x6,0x38,0x0,0,0x9,0x0
040 Wigglytuff,140,70,45,45,75,50,Normal,Normal,50,109,0x3,0x0,0x0,0x0,191,10,70,4,0x6,0x6,0x38,0x0,0,0x9,0x0
041 Zubat,40,45,35,55,30,40,Poison,Flying,255,54,0x40,0x0,0x0,0x0,127,15,70,0,0x4,0x4,0x27,0x0,0,0x6,0x0
042 Golbat,75,80,70,90,65,75,Poison,Flying,90,171,0x80,0x0,0x0,0x0,127,15,70,0,0x4,0x4,0x27,0x0,0,0x6,0x0
043 Oddish,45,50,55,30,75,65,Grass,Poison,255,78,0x0,0x1,0x0,0x0,127,20,70,3,0x7,0x7,0x22,0x0,4,0x1,0x0
044 Gloom,60,65,70,40,85,75,Grass,Poison,120,132,0x0,0x2,0x0,0x0,127,20,70,3,0x7,0x7,0x22,0x0,6,0x1,0x0
045 Vileplume,75,80,85,50,100,90,Grass,Poison,45,184,0x0,0x3,0x0,0x0,127,20,70,3,0x7,0x7,0x22,0x0,0,0x0,0x0
046 Paras,35,70,55,25,45,55,Bug,Grass,190,70,0x4,0x0,0x67,0x68,127,20,70,0,0x3,0x7,0x1b,0x0,0,0x0,0x0
047 Parasect,60,95,80,30,60,80,Bug,Grass,75,128,0x18,0x0,0x67,0x68,127,20,70,0,0x3,0x7,0x1b,0x0,0,0x0,0x0
048 Venonat,60,55,50,45,40,55,Bug,Poison,190,75,0x0,0x4,0x0,0x0,127,20,70,0,0x3,0x3,0xe,0x0,0,0x6,0x0
049 Venomoth,70,65,60,90,90,75,Bug,Poison,75,138,0x40,0x1,0x0,0x0,127,20,70,0,0x3,0x3,0x13,0x0,0,0x6,0x0
050 Diglett,10,55,25,95,35,45,Ground,Ground,255,81,0x40,0x0,0x0,0x0,127,20,70,0,0x5,0x5,0x8,0x47,0,0x5,0x0
051 Dugtrio,35,80,50,120,50,70,Ground,Ground,50,153,0x80,0x0,0x0,0x0,127,20,70,0,0x5,0x5,0x8,0x47,0,0x5,0x0
052 Meowth,40,45,35,90,40,40,Normal,Normal,255,69,0x40,0x0,0x0,0x0,127,20,70,0,0x5,0x5,0x35,0x0,0,0x2,0x0
053 Persian,65,70,60,115,65,65,Normal,Normal,90,148,0x80,0x0,0x0,0x0,127,20,70,0,0x5,0x5,0x7,0x0,0,0x2,0x0
054 Psyduck,50,52,48,55,65,50,Water,Water,190,80,0x0,0x1,0x0,0x0,127,20,70,0,0x2,0x5,0x6,0xd,6,0x2,0x0
055 Golduck,80,82,78,85,95,80,Water,Water,75,174,0x0,0x2,0x0,0x0,127,20,70,0,0x2,0x5,0x6,0xd,8,0x1,0x0
056 Mankey,40,80,35,70,35,45,Fighting,Fighting,190,74,0x4,0x0,0x0,0x0,127,20,70,0,0x5,0x5,0x48,0x0,0,0x5,0x0
057 Primeape,65,105,60,95,60,70,Fighting,Fighting,75,149,0x8,0x0,0x0,0x0,127,20,70,0,0x5,0x5,0x48,0x0,0,0x5,0x0
058 Growlithe,55,70,45,60,70,50,Fire,Fire,190,91,0x4,0x0,0x88,0x88,63,20,70,5,0x5,0x5,0x16,0x12,0,0x5,0x0
059 Arcanine,90,110,80,95,100,80,Fire,Fire,75,213,0x8,0x0,0x88,0x88,63,20,70,5,0x5,0x5,0x16,0x12,0,0x5,0x0
060 Poliwag,40,50,40,90,40,40,Water,Water,255,77,0x40,0x0,0x0,0x0,127,20,70,3,0x2,0x2,0xb,0x6,0,0x81,0x0
061 Poliwhirl,65,65,65,90,50,50,Water,Water,120,131,0x80,0x0,0x0,0xbb,127,20,70,3,0x2,0x2,0xb,0x6,0,0x81,0x0
062 Poliwrath,90,85,95,70,70,90,Water,Fighting,45,185,0x30,0x0,0x0,0xbb,127,20,70,3,0x2,0x2,0xb,0x6,0,0x81,0x0
063 Abra,25,20,15,90,105,55,Psychic,Psychic,200,73,0x0,0x1,0x0,0xd6,63,20,70,3,0x8,0x8,0x1c,0x27,0,0x5,0x0
064 Kadabra,40,35,30,105,120,70,Psychic,Psychic,100,145,0x0,0x2,0x0,0xd6,63,20,70,3,0x8,0x8,0x1c,0x27,0,0x5,0x0
065 Alakazam,55,50,45,120,135,85,Psychic,Psychic,50,186,0x0,0x3,0x0,0xd6,63,20,70,3,0x8,0x8,0x1c,0x27,0,0x5,0x0
066 Machop,70,80,50,35,35,35,Fighting,Fighting,180,88,0x4,0x0,0x0,0x0,63,20,70,3,0x8,0x8,0x3e,0x0,0,0x7,0x0
067 Machoke,80,100,70,45,50,60,Fighting,Fighting,90,146,0x8,0x0,0x0,0x0,63,20,70,3,0x8,0x8,0x3e,0x0,0,0x7,0x0
068 Machamp,90,130,80,55,65,85,Fighting,Fighting,45,193,0xc,0x0,0x0,0x0,63,20,70,3,0x8,0x8,0x3e,0x0,0,0x7,0x0
069 Bellsprout,50,75,35,40,70,30,Grass,Poison,255,84,0x4,0x0,0x0,0x0,127,20,70,3,0x7,0x7,0x22,0x0,0,0x3,0x0
070 Weepinbell,65,90,50,55,85,45,Grass,Poison,120,151,0x8,0x0,0x0,0x0,127,20,70,3,0x7,0x7,0x22,0x0,0,0x3,0x0
071 Victreebel,80,105,65,70,100,60,Grass,Poison,45,191,0xc,0x0,0x0,0x0,127,20,70,3,0x7,0x7,0x22,0x0,0,0x3,0x0
072 Tentacool,40,40,35,70,50,100,Water,Poison,190,105,0x0,0x4,0x0,0x0,127,20,70,5,0x9,0x9,0x1d,0x40,0,0x1,0x0
073 Tentacruel,80,70,65,100,80,120,Water,Poison,60,205,0x0,0x8,0x0,0x0,127,20,70,5,0x9,0x9,0x1d,0x40,0,0x1,0x0
074 Geodude,40,80,100,20,30,30,Rock,Ground,255,86,0x10,0x0,0x0,0xc3,127,15,70,3,0xa,0xa,0x45,0x5,4,0x5,0x0
075 Graveler,55,95,115,35,45,45,Rock,Ground,120,134,0x20,0x0,0x0,0xc3,127,15,70,3,0xa,0xa,0x45,0x5,0,0x5,0x0
076 Golem,80,110,130,45,55,65,Rock,Ground,45,177,0x30,0x0,0x0,0xc3,127,15,70,3,0xa,0xa,0x45,0x5,0,0x5,0x0
077 Ponyta,50,85,55,90,65,65,Fire,Fire,190,152,0x40,0x0,0x0,0x0,127,20,70,0,0x5,0x5,0x32,0x12,0,0x2,0x0
078 Rapidash,65,100,70,105,80,80,Fire,Fire,60,192,0x80,0x0,0x0,0x0,127,20,70,0,0x5,0x5,0x32,0x12,0,0x2,0x0
079 Slowpoke,90,65,65,15,40,40,Water,Psychic,190,99,0x1,0x0,0x0,0xbb,127,20,70,0,0x1,0x2,0xc,0x14,0,0x9,0x0
080 Slowbro,95,75,110,30,100,80,Water,Psychic,75,164,0x20,0x0,0x0,0xbb,127,20,70,0,0x1,0x2,0xc,0x14,0,0x9,0x0
081 Magnemite,25,35,70,45,95,55,Electric,Steel,190,89,0x0,0x1,0x0,0xc7,255,20,70,0,0xa,0xa,0x2a,0x5,0,0x7,0x0
082 Magneton,50,60,95,70,120,70,Electric,Steel,60,161,0x0,0x2,0x0,0xc7,255,20,70,0,0xa,0xa,0x2a,0x5,0,0x7,0x0
083 Farfetchd,52,65,55,60,58,62,Normal,Flying,45,94,0x4,0x0,0x0,0xe1,127,20,70,0,0x4,0x5,0x33,0x27,0,0x5,0x0
084 Doduo,35,85,45,75,35,35,Normal,Flying,190,96,0x4,0x0,0x0,0xd2,127,20,70,0,0x4,0x4,0x32,0x30,8,0x5,0x0
085 Dodrio,60,110,70,100,60,60,Normal,Flying,45,158,0x8,0x0,0x0,0xd2,127,20,70,0,0x4,0x4,0x32,0x30,10,0x5,0x0
086 Seel,65,45,55,45,45,70,Water,Water,190,100,0x0,0x4,0x0,0x0,127,20,70,0,0x2,0x5,0x2f,0x0,0,0x8,0x0
087 Dewgong,90,70,80,70,70,95,Water,Ice,75,176,0x0,0x8,0x0,0x0,127,20,70,0,0x2,0x5,0x2f,0x0,0,0x8,0x0
088 Grimer,80,80,50,25,40,50,Poison,Poison,190,90,0x1,0x0,0x0,0x6e,127,20,70,0,0xb,0xb,0x1,0x3c,0,0x6,0x0
089 Muk,105,105,75,50,65,100,Poison,Poison,75,157,0x5,0x0,0x0,0x6e,127,20,70,0,0xb,0xb,0x1,0x3c,0,0x6,0x0
090 Shellder,30,65,100,40,45,25,Water,Water,190,97,0x10,0x0,0x6a,0x6b,127,20,70,5,0x9,0x9,0x4b,0x0,0,0x6,0x0
091 Cloyster,50,95,180,70,85,45,Water,Ice,60,203,0x20,0x0,0x6a,0x6b,127,20,70,5,0x9,0x9,0x4b,0x0,0,0x6,0x0
092 Gastly,30,35,30,80,100,35,Ghost,Poison,190,95,0x0,0x1,0x0,0x0,127,20,70,3,0xb,0xb,0x1a,0x0,0,0x6,0x0
093 Haunter,45,50,45,95,115,55,Ghost,Poison,90,126,0x0,0x2,0x0,0x0,127,20,70,3,0xb,0xb,0x1a,0x0,0,0x6,0x0
094 Gengar,60,65,60,110,130,75,Ghost,Poison,45,190,0x0,0x3,0x0,0x0,127,20,70,3,0xb,0xb,0x1a,0x0,0,0x6,0x0
095 Onix,35,45,160,70,30,45,Rock,Ground,45,108,0x10,0x0,0x0,0x0,127,25,70,0,0xa,0xa,0x45,0x5,0,0x7,0x0
096 Drowzee,60,48,45,42,43,90,Psychic,Psychic,190,102,0x0,0x4,0x0,0x0,127,20,70,0,0x8,0x8,0xf,0x0,0,0x2,0x0
097 Hypno,85,73,70,67,73,115,Psychic,Psychic,75,165,0x0,0x8,0x0,0x0,127,20,70,0,0x8,0x8,0xf,0x0,0,0x2,0x0
098 Krabby,30,105,90,50,25,25,Water,Water,225,115,0x4,0x0,0x0,0x0,127,20,70,0,0x9,0x9,0x34,0x4b,0,0x0,0x0
099 Kingler,55,130,115,75,50,50,Water,Water,60,206,0x8,0x0,0x0,0x0,127,20,70,0,0x9,0x9,0x34,0x4b,0,0x80,0x0
100 Voltorb,40,30,50,100,55,55,Electric,Electric,190,103,0x40,0x0,0x0,0x0,255,20,70,0,0xa,0xa,0x2b,0x9,0,0x0,0x0
101 Electrode,60,50,70,140,80,80,Electric,Electric,60,150,0x80,0x0,0x0,0x0,255,20,70,0,0xa,0xa,0x2b,0x9,0,0x0,0x0
102 Exeggcute,60,40,80,40,60,45,Grass,Psychic,90,98,0x10,0x0,0x0,0x0,127,20,70,5,0x7,0x7,0x22,0x0,0,0x9,0x0
103 Exeggutor,95,95,85,55,125,65,Grass,Psychic,45,212,0x0,0x2,0x0,0x0,127,20,70,5,0x7,0x7,0x22,0x0,0,0x2,0x0
104 Cubone,50,50,95,35,40,50,Ground,Ground,190,87,0x10,0x0,0x0,0xe0,127,20,70,0,0x1,0x1,0x45,0x1f,0,0x5,0x0
105 Marowak,60,80,110,45,50,80,Ground,Ground,75,124,0x20,0x0,0x0,0xe0,127,20,70,0,0x1,0x1,0x45,0x1f,0,0x5,0x0
106 Hitmonlee,50,120,53,87,35,110,Fighting,Fighting,45,139,0x8,0x0,0x0,0x0,0,25,70,0,0x8,0x8,0x7,0x0,0,0x5,0x0
107 Hitmonchan,50,105,79,76,35,110,Fighting,Fighting,45,140,0x0,0x8,0x0,0x0,0,25,70,0,0x8,0x8,0x33,0x0,0,0x5,0x0
108 Lickitung,90,55,75,30,60,75,Normal,Normal,45,127,0x2,0x0,0x0,0x0,127,20,70,0,0x1,0x1,0x14,0xc,0,0x9,0x0
109 Koffing,40,65,95,35,60,45,Poison,Poison,190,114,0x10,0x0,0x0,0xc2,127,20,70,0,0xb,0xb,0x1a,0x0,0,0x6,0x0
110 Weezing,65,90,120,60,85,70,Poison,Poison,60,173,0x20,0x0,0x0,0xc2,127,20,70,0,0xb,0xb,0x1a,0x0,0,0x6,0x0
111 Rhyhorn,80,85,95,25,30,30,Ground,Rock,120,135,0x10,0x0,0x0,0x0,127,20,70,5,0x1,0x5,0x1f,0x45,4,0x7,0x0
112 Rhydon,105,130,120,40,45,45,Ground,Rock,60,204,0x8,0x0,0x0,0x0,127,20,70,5,0x1,0x5,0x1f,0x45,0,0x7,0x0
113 Chansey,250,5,5,50,35,105,Normal,Normal,30,255,0x2,0x0,0x0,0xc5,254,40,140,4,0x6,0x6,0x1e,0x20,0,0x9,0x0
114 Tangela,65,55,115,60,100,40,Grass,Grass,45,166,0x10,0x0,0x0,0x0,127,20,70,0,0x7,0x7,0x22,0x0,0,0x1,0x0
115 Kangaskhan,105,95,80,90,40,80,Normal,Normal,45,175,0x2,0x0,0x0,0x0,254,20,70,0,0x1,0x1,0x30,0x0,0,0x5,0x0
116 Horsea,30,40,70,60,70,25,Water,Water,225,83,0x0,0x1,0x0,0xc9,127,20,70,0,0x2,0xe,0x21,0x0,0,0x1,0x0
117 Seadra,55,65,95,85,95,45,Water,Water,75,155,0x10,0x1,0x0,0xc9,127,20,70,0,0x2,0xe,0x26,0x0,0,0x1,0x0
118 Goldeen,45,67,60,63,35,50,Water,Water,225,111,0x4,0x0,0x0,0x0,127,20,70,0,0xc,0xc,0x21,0x29,4,0x0,0x0
119 Seaking,80,92,65,68,65,80,Water,Water,60,170,0x8,0x0,0x0,0x0,127,20,70,0,0xc,0xc,0x21,0x29,6,0x0,0x0
120 Staryu,30,45,55,85,70,55,Water,Water,225,106,0x40,0x0,0x6c,0x6d,255,20,70,5,0x9,0x9,0x23,0x1e,0,0x5,0x0
121 Starmie,60,75,85,115,100,85,Water,Psychic,60,207,0x80,0x0,0x6c,0x6d,255,20,70,5,0x9,0x9,0x23,0x1e,0,0x6,0x0
122 Mr Mime,40,45,65,90,100,120,Psychic,Psychic,45,136,0x0,0x8,0x0,0x8a,127,25,70,0,0x8,0x8,0x2b,0x0,0,0x9,0x0
123 Scyther,70,110,80,105,55,80,Bug,Flying,45,187,0x4,0x0,0x0,0x0,127,25,70,0,0x3,0x3,0x44,0x0,0,0x3,0x0
124 Jynx,65,50,35,95,115,95,Ice,Psychic,45,137,0x0,0x2,0x89,0x89,254,25,70,0,0x8,0x8,0xc,0x0,0,0x0,0x0
125 Electabuzz,65,83,57,105,95,85,Electric,Electric,45,156,0x80,0x0,0x0,0x0,63,25,70,0,0x8,0x8,0x9,0x0,0,0x82,0x0
126 Magmar,65,95,57,93,100,85,Fire,Fire,45,167,0x0,0x2,0x88,0x88,63,25,70,0,0x8,0x8,0x31,0x0,0,0x0,0x0
127 Pinsir,65,125,100,85,55,70,Bug,Bug,45,200,0x8,0x0,0x0,0x0,127,25,70,5,0x3,0x3,0x34,0x0,8,0x5,0x0
128 Tauros,75,100,95,110,40,70,Normal,Normal,45,211,0x44,0x0,0x0,0x0,0,20,70,5,0x5,0x5,0x16,0x0,0,0x5,0x0
129 Magikarp,20,10,55,80,15,20,Water,Water,255,20,0x40,0x0,0x0,0x0,127,5,70,5,0xc,0xe,0x21,0x0,4,0x0,0x0
130 Gyarados,95,125,79,81,60,100,Water,Flying,45,214,0x8,0x0,0x0,0x0,127,5,70,5,0xc,0xe,0x16,0x0,0,0x1,0x0
131 Lapras,130,85,80,60,85,95,Water,Ice,45,219,0x2,0x0,0x0,0x0,127,40,70,5,0x1,0x2,0xb,0x4b,0,0x1,0x0
132 Ditto,48,48,48,48,48,48,Normal,Normal,35,61,0x1,0x0,0x0,0xdf,255,20,70,0,0xd,0xd,0x7,0x0,0,0x6,0x0
133 Eevee,55,55,50,55,45,65,Normal,Normal,45,92,0x0,0x4,0x0,0x0,31,35,70,0,0x5,0x5,0x32,0x0,0,0x5,0x0
134 Vaporeon,130,65,60,65,110,95,Water,Water,45,196,0x2,0x0,0x0,0x0,31,35,70,0,0x5,0x5,0xb,0x0,0,0x1,0x0
135 Jolteon,65,65,60,130,110,95,Electric,Electric,45,197,0x80,0x0,0x0,0x0,31,35,70,0,0x5,0x5,0xa,0x0,0,0x2,0x0
136 Flareon,65,130,60,65,95,110,Fire,Fire,45,198,0x8,0x0,0x0,0x0,31,35,70,0,0x5,0x5,0x12,0x0,0,0x0,0x0
137 Porygon,65,60,70,40,85,75,Normal,Normal,45,130,0x0,0x1,0x0,0x0,255,20,70,0,0xa,0xa,0x24,0x0,0,0x9,0x0
138 Omanyte,35,40,100,35,90,55,Rock,Water,45,120,0x10,0x0,0x0,0x0,31,30,70,0,0x2,0x9,0x21,0x4b,0,0x1,0x0
139 Omastar,70,60,125,55,115,70,Rock,Water,45,199,0x20,0x0,0x0,0x0,31,30,70,0,0x2,0x9,0x21,0x4b,0,0x1,0x0
140 Kabuto,30,80,90,55,55,45,Rock,Water,45,119,0x10,0x0,0x0,0x0,31,30,70,0,0x2,0x9,0x21,0x4,0,0x5,0x0
141 Kabutops,60,115,105,80,65,70,Rock,Water,45,201,0x8,0x0,0x0,0x0,31,30,70,0,0x2,0x9,0x21,0x4,0,0x5,0x0
142 Aerodactyl,80,105,65,130,60,75,Rock,Flying,45,202,0x80,0x0,0x0,0x0,31,35,70,5,0x4,0x4,0x45,0x2e,0,0x6,0x0
143 Snorlax,160,110,65,30,65,110,Normal,Normal,25,154,0x2,0x0,0xc8,0xc8,31,40,70,5,0x1,0x1,0x11,0x2f,0,0x4,0x0
144 Articuno,90,85,100,85,95,125,Ice,Flying,3,215,0x0,0xc,0x0,0x0,255,80,35,5,0xf,0xf,0x2e,0x0,0,0x1,0x0
145 Zapdos,90,90,85,100,125,90,Electric,Flying,3,216,0x0,0x3,0x0,0x0,255,80,35,5,0xf,0xf,0x2e,0x0,0,0x2,0x0
146 Moltres,90,100,90,90,125,85,Fire,Flying,3,217,0x0,0x3,0x0,0x0,255,80,35,5,0xf,0xf,0x2e,0x0,0,0x2,0x0
147 Dratini,41,64,45,50,50,50,Dragon,Dragon,45,67,0x4,0x0,0x0,0xc9,127,40,35,5,0x2,0xe,0x3d,0x0,0,0x1,0x0
148 Dragonair,61,84,65,70,70,70,Dragon,Dragon,45,144,0x8,0x0,0x0,0xc9,127,40,35,5,0x2,0xe,0x3d,0x0,0,0x1,0x0
149 Dragonite,91,134,95,80,100,100,Dragon,Flying,45,218,0xc,0x0,0x0,0xc9,127,40,35,5,0x2,0xe,0x27,0x0,0,0x5,0x0
150 Mewtwo,106,110,90,130,154,90,Psychic,Psychic,3,220,0x0,0x3,0x0,0x0,255,120,0,5,0xf,0xf,0x2e,0x0,0,0x6,0x0
151 Mew,100,100,100,100,100,100,Psychic,Psychic,45,64,0x3,0x0,0x8d,0x8d,255,120,100,3,0xf,0xf,0x1c,0x0,0,0x9,0x0
152 Chikorita,45,49,65,45,49,65,Grass,Grass,45,64,0x0,0x4,0x0,0x0,31,20,70,3,0x1,0x7,0x41,0x0,0,0x3,0x0
153 Bayleef,60,62,80,60,63,80,Grass,Grass,45,141,0x10,0x4,0x0,0x0,31,20,70,3,0x1,0x7,0x41,0x0,0,0x3,0x0
154 Meganium,80,82,100,80,83,100,Grass,Grass,45,208,0x10,0x8,0x0,0x0,31,20,70,3,0x1,0x7,0x41,0x0,0,0x3,0x0
155 Cyndaquil,39,52,43,65,60,50,Fire,Fire,45,65,0x40,0x0,0x0,0x0,31,20,70,3,0x5,0x5,0x42,0x0,0,0x2,0x0
156 Quilava,58,64,58,80,80,65,Fire,Fire,45,142,0x40,0x1,0x0,0x0,31,20,70,3,0x5,0x5,0x42,0x0,0,0x2,0x0
157 Typhlosion,78,84,78,100,109,85,Fire,Fire,45,209,0x0,0x3,0x0,0x0,31,20,70,3,0x5,0x5,0x42,0x0,0,0x2,0x0
158 Totodile,50,65,64,43,44,48,Water,Water,45,66,0x4,0x0,0x0,0x0,31,20,70,3,0x1,0x2,0x43,0x0,0,0x1,0x0
159 Croconaw,65,80,80,58,59,63,Water,Water,45,143,0x14,0x0,0x0,0x0,31,20,70,3,0x1,0x2,0x43,0x0,0,0x81,0x0
160 Feraligatr,85,105,100,78,79,83,Water,Water,45,210,0x18,0x0,0x0,0x0,31,20,70,3,0x1,0x2,0x43,0x0,0,0x1,0x0
161 Sentret,35,46,34,20,35,45,Normal,Normal,255,57,0x4,0x0,0x0,0x8b,127,15,70,0,0x5,0x5,0x32,0x33,0,0x5,0x0
162 Furret,85,76,64,90,45,55,Normal,Normal,90,116,0x80,0x0,0x8b,0x8e,127,15,70,0,0x5,0x5,0x32,0x33,0,0x5,0x0
163 Hoothoot,60,30,30,50,36,56,Normal,Flying,255,58,0x1,0x0,0x0,0x0,127,15,70,0,0x4,0x4,0xf,0x33,0,0x5,0x0
164 Noctowl,100,50,50,70,76,96,Normal,Flying,90,162,0x2,0x0,0x0,0x0,127,15,70,0,0x4,0x4,0xf,0x33,0,0x5,0x0
165 Ledyba,40,20,30,55,40,80,Bug,Flying,255,54,0x0,0x4,0x0,0x0,127,15,70,4,0x3,0x3,0x44,0x30,0,0x0,0x0
166 Ledian,55,35,50,85,55,110,Bug,Flying,90,134,0x0,0x8,0x0,0x0,127,15,70,4,0x3,0x3,0x44,0x30,0,0x0,0x0
167 Spinarak,40,60,40,30,40,40,Bug,Poison,255,54,0x4,0x0,0x0,0x0,127,15,70,4,0x3,0x3,0x44,0xf,0,0x3,0x0
168 Ariados,70,90,70,40,60,60,Bug,Poison,90,134,0x8,0x0,0x0,0x0,127,15,70,4,0x3,0x3,0x44,0xf,0,0x0,0x0
169 Crobat,85,90,80,130,70,80,Poison,Flying,90,204,0xc0,0x0,0x0,0x0,127,15,70,0,0x4,0x4,0x27,0x0,0,0x6,0x0
170 Chinchou,75,38,38,67,56,56,Water,Electric,190,90,0x1,0x0,0x0,0x32,127,20,70,5,0xc,0xc,0xa,0x23,0,0x1,0x0
171 Lanturn,125,58,58,67,76,76,Water,Electric,75,156,0x2,0x0,0x0,0x32,127,20,70,5,0xc,0xc,0xa,0x23,0,0x1,0x0
172 Pichu,20,40,15,60,35,35,Electric,Electric,190,42,0x40,0x0,0x0,0x8b,127,10,70,0,0xf,0xf,0x9,0x0,0,0x2,0x0
173 Cleffa,50,25,28,15,45,55,Normal,Normal,150,37,0x0,0x4,0x8a,0x5e,191,10,140,4,0xf,0xf,0x38,0x0,0,0x9,0x0
174 Igglybuff,90,30,15,15,40,20,Normal,Normal,170,39,0x1,0x0,0x0,0x0,191,10,70,4,0xf,0xf,0x38,0x0,0,0x89,0x0
175 Togepi,35,20,65,20,40,65,Normal,Normal,190,74,0x0,0x4,0x0,0x0,31,10,70,4,0xf,0xf,0x37,0x20,0,0x8,0x0
176 Togetic,55,40,85,40,80,105,Normal,Flying,75,114,0x0,0x8,0x0,0x0,31,10,70,4,0x4,0x6,0x37,0x20,0,0x8,0x0
177 Natu,40,50,45,70,70,45,Psychic,Flying,190,73,0x0,0x1,0x0,0x0,127,20,70,0,0x4,0x4,0x1c,0x30,6,0x3,0x0
178 Xatu,65,75,70,95,95,70,Psychic,Flying,75,171,0x40,0x1,0x0,0x0,127,20,70,0,0x4,0x4,0x1c,0x30,8,0x3,0x0
179 Mareep,55,40,40,35,65,45,Electric,Electric,235,59,0x0,0x1,0x0,0x0,127,20,70,3,0x1,0x5,0x9,0x0,0,0x8,0x0
180 Flaaffy,70,55,55,45,80,60,Electric,Electric,120,117,0x0,0x2,0x0,0x0,127,20,70,3,0x1,0x5,0x9,0x0,0,0x9,0x0
181 Ampharos,90,75,75,55,115,90,Electric,Electric,45,194,0x0,0x3,0x0,0x0,127,20,70,3,0x1,0x5,0x9,0x0,0,0x2,0x0
182 Bellossom,75,80,85,50,90,100,Grass,Grass,45,184,0x0,0xc,0x0,0x0,127,20,70,3,0x7,0x7,0x22,0x0,0,0x3,0x0
183 Marill,70,20,50,40,20,50,Water,Water,190,58,0x2,0x0,0x0,0x0,127,10,70,4,0x2,0x6,0x2f,0x25,0,0x1,0x0
184 Azumarill,100,50,80,50,50,80,Water,Water,75,153,0x3,0x0,0x0,0x0,127,10,70,4,0x2,0x6,0x2f,0x25,0,0x1,0x0
185 Sudowoodo,70,100,115,30,30,65,Rock,Rock,65,135,0x20,0x0,0x0,0x0,127,20,70,0,0xa,0xa,0x5,0x45,0,0x5,0x0
186 Politoed,90,75,75,70,90,100,Water,Water,45,185,0x0,0xc,0x0,0xbb,127,20,70,3,0x2,0x2,0xb,0x6,0,0x83,0x0
187 Hoppip,35,35,40,50,35,55,Grass,Flying,255,74,0x0,0x4,0x0,0x0,127,20,70,3,0x6,0x7,0x22,0x0,0,0x9,0x0
188 Skiploom,55,45,50,80,45,65,Grass,Flying,120,136,0x80,0x0,0x0,0x0,127,20,70,3,0x6,0x7,0x22,0x0,0,0x3,0x0
189 Jumpluff,75,55,70,110,55,85,Grass,Flying,45,176,0xc0,0x0,0x0,0x0,127,20,70,3,0x6,0x7,0x22,0x0,0,0x1,0x0
190 Aipom,55,70,55,85,40,55,Normal,Normal,45,94,0x40,0x0,0x0,0x0,127,20,70,4,0x5,0x5,0x32,0x35,0,0x6,0x0
191 Sunkern,30,30,30,30,30,30,Grass,Grass,235,52,0x0,0x1,0x0,0x0,127,20,70,3,0x7,0x7,0x22,0x0,0,0x2,0x0
192 Sunflora,75,75,55,30,105,85,Grass,Grass,120,146,0x0,0x2,0x0,0x0,127,20,70,3,0x7,0x7,0x22,0x0,0,0x2,0x0
193 Yanma,65,65,45,95,75,45,Bug,Flying,75,147,0x80,0x0,0x0,0x0,127,20,70,0,0x3,0x3,0x3,0xe,0,0x0,0x0
194 Wooper,55,45,45,15,25,25,Water,Ground,255,52,0x1,0x0,0x0,0x0,127,20,70,0,0x2,0x5,0x6,0xb,0,0x1,0x0
195 Quagsire,95,85,85,35,65,65,Water,Ground,90,137,0x2,0x0,0x0,0x0,127,20,70,0,0x2,0x5,0x6,0xb,0,0x1,0x0
196 Espeon,65,65,60,110,130,95,Psychic,Psychic,45,197,0x0,0x2,0x0,0x0,31,35,70,0,0x5,0x5,0x1c,0x0,0,0x6,0x0
197 Umbreon,95,65,110,65,60,130,Dark,Dark,45,197,0x0,0x8,0x0,0x0,31,35,35,0,0x5,0x5,0x1c,0x0,0,0x4,0x0
198 Murkrow,60,85,42,91,85,42,Dark,Flying,30,107,0x40,0x0,0x0,0x0,127,20,35,3,0x4,0x4,0xf,0x0,0,0x4,0x0
199 Slowking,95,75,80,30,100,110,Water,Psychic,70,164,0x0,0xc,0x0,0xbb,127,20,70,0,0x1,0x2,0xc,0x14,0,0x9,0x0
200 Misdreavus,60,60,60,85,85,85,Ghost,Ghost,45,147,0x0,0x5,0x0,0xd5,127,25,35,4,0xb,0xb,0x1a,0x0,0,0x7,0x0
201 Unown,48,72,48,48,72,48,Psychic,Psychic,225,61,0x4,0x1,0x0,0x0,255,40,70,0,0xf,0xf,0x1a,0x0,0,0x84,0x0
202 Wobbuffet,190,33,58,33,33,58,Psychic,Psychic,45,177,0x2,0x0,0x0,0x0,127,20,70,0,0xb,0xb,0x17,0x0,4,0x1,0x0
203 Girafarig,70,80,65,85,90,65,Normal,Psychic,60,149,0x0,0x2,0x0,0x8c,127,20,70,0,0x5,0x5,0x27,0x30,4,0x2,0x0
204 Pineco,50,65,90,15,35,35,Bug,Bug,190,60,0x10,0x0,0x0,0x0,127,20,70,0,0x3,0x3,0x5,0x0,0,0x7,0x0
205 Forretress,75,90,140,40,60,60,Bug,Steel,75,118,0x20,0x0,0x0,0x0,127,20,70,0,0x3,0x3,0x5,0x0,0,0x6,0x0
206 Dunsparce,100,70,70,45,65,65,Normal,Normal,190,75,0x1,0x0,0x0,0x0,127,20,70,0,0x5,0x5,0x20,0x32,0,0x2,0x0
207 Gligar,65,75,105,85,35,65,Ground,Flying,60,108,0x10,0x0,0x0,0x0,127,20,70,3,0x3,0x3,0x34,0x8,0,0x6,0x0
208 Steelix,75,85,200,30,55,65,Steel,Ground,25,196,0x20,0x0,0x0,0xc7,127,25,70,0,0xa,0xa,0x45,0x5,0,0x7,0x0
209 Snubbull,60,80,50,30,40,40,Normal,Normal,190,63,0x4,0x0,0x0,0x0,191,20,70,4,0x5,0x6,0x16,0x32,0,0x9,0x0
210 Granbull,90,120,75,45,60,60,Normal,Normal,75,178,0x8,0x0,0x0,0x0,191,20,70,4,0x5,0x6,0x16,0x16,0,0x6,0x0
211 Qwilfish,65,95,75,85,55,55,Water,Poison,45,100,0x4,0x0,0x0,0x0,127,20,70,0,0xc,0xc,0x26,0x21,0,0x7,0x0
212 Scizor,70,130,100,65,55,80,Bug,Steel,25,200,0x8,0x0,0x0,0x0,127,25,70,0,0x3,0x3,0x44,0x0,0,0x0,0x0
213 Shuckle,20,10,230,5,10,230,Bug,Rock,190,80,0x10,0x4,0x8b,0x8b,127,20,70,3,0x3,0x3,0x5,0x0,0,0x2,0x0
214 Heracross,80,125,75,85,40,95,Bug,Fighting,45,200,0x8,0x0,0x0,0x0,127,25,70,5,0x3,0x3,0x44,0x3e,8,0x1,0x0
215 Sneasel,55,95,55,115,35,75,Dark,Ice,60,132,0x40,0x0,0x0,0xb7,127,20,35,3,0x5,0x5,0x27,0x33,0,0x84,0x0
216 Teddiursa,60,80,50,40,50,50,Normal,Normal,120,124,0x4,0x0,0x0,0x0,127,20,70,0,0x5,0x5,0x35,0x0,0,0x85,0x0
217 Ursaring,90,130,75,55,75,75,Normal,Normal,60,189,0x8,0x0,0x0,0x0,127,20,70,0,0x5,0x5,0x3e,0x0,0,0x5,0x0
218 Slugma,40,40,40,20,70,40,Fire,Fire,190,78,0x0,0x1,0x0,0x0,127,20,70,0,0xb,0xb,0x28,0x31,0,0x0,0x0
219 Magcargo,50,50,120,30,80,80,Fire,Rock,75,154,0x20,0x0,0x0,0x0,127,20,70,0,0xb,0xb,0x28,0x31,0,0x0,0x0
220 Swinub,50,50,40,50,30,30,Ice,Ground,225,78,0x4,0x0,0x0,0x0,127,20,70,5,0x5,0x5,0xc,0x0,0,0x5,0x0
221 Piloswine,100,100,80,50,60,60,Ice,Ground,75,160,0x5,0x0,0x0,0x0,127,20,70,5,0x5,0x5,0xc,0x0,0,0x5,0x0
222 Corsola,55,55,85,35,65,85,Water,Rock,60,113,0x10,0x4,0x0,0x30,191,20,70,4,0x2,0x9,0x37,0x1e,0,0x9,0x0
223 Remoraid,35,65,35,65,65,35,Water,Water,190,78,0x0,0x1,0x0,0x0,127,20,70,0,0x2,0xc,0x37,0x0,0,0x7,0x0
224 Octillery,75,105,75,45,105,75,Water,Water,75,164,0x4,0x1,0x0,0x0,127,20,70,0,0x2,0xc,0x15,0x0,0,0x0,0x0
225 Delibird,45,55,45,75,65,45,Ice,Flying,45,183,0x40,0x0,0x0,0x0,127,20,70,4,0x2,0x5,0x48,0x37,0,0x0,0x0
226 Mantine,65,40,70,70,80,140,Water,Flying,25,168,0x0,0x8,0x0,0x0,127,25,70,5,0x2,0x2,0x21,0xb,0,0x6,0x0
227 Skarmory,65,80,140,70,40,70,Steel,Flying,25,168,0x20,0x0,0x0,0x0,127,25,70,5,0x4,0x4,0x33,0x5,0,0x7,0x0
228 Houndour,45,60,30,65,80,50,Dark,Fire,120,114,0x0,0x1,0x0,0x0,127,20,35,5,0x5,0x5,0x30,0x12,0,0x4,0x0
229 Houndoom,75,90,50,95,110,80,Dark,Fire,45,204,0x0,0x2,0x0,0x0,127,20,35,5,0x5,0x5,0x30,0x12,0,0x4,0x0
230 Kingdra,75,95,95,85,95,95,Water,Dragon,45,207,0x4,0x5,0x0,0xc9,127,20,70,0,0x2,0xe,0x21,0x0,0,0x1,0x0
231 Phanpy,90,60,60,40,40,40,Ground,Ground,120,124,0x1,0x0,0x0,0x0,127,20,70,0,0x5,0x5,0x35,0x0,10,0x1,0x0
232 Donphan,90,120,120,50,60,60,Ground,Ground,60,189,0x14,0x0,0x0,0x0,127,20,70,0,0x5,0x5,0x5,0x0,0,0x7,0x0
233 Porygon2,85,80,90,60,105,95,Normal,Normal,45,180,0x0,0x2,0x0,0x0,255,20,70,0,0xa,0xa,0x24,0x0,0,0x0,0x0
234 Stantler,73,95,62,85,85,65,Normal,Normal,45,165,0x4,0x0,0x0,0x0,127,20,70,5,0x5,0x5,0x16,0x0,0,0x5,0x0
235 Smeargle,55,20,35,75,20,45,Normal,Normal,45,106,0x40,0x0,0x0,0x0,127,20,70,4,0x5,0x5,0x14,0x0,0,0x8,0x0
236 Tyrogue,35,35,35,35,35,35,Fighting,Fighting,75,91,0x4,0x0,0x0,0x0,0,25,70,0,0xf,0xf,0x3e,0x0,0,0x6,0x0
237 Hitmontop,50,95,95,70,35,110,Fighting,Fighting,45,138,0x0,0x8,0x0,0x0,0,25,70,0,0x8,0x8,0x16,0x0,0,0x5,0x0
238 Smoochum,45,30,15,65,85,65,Ice,Psychic,45,87,0x0,0x1,0x89,0x89,254,25,70,0,0xf,0xf,0xc,0x0,0,0x9,0x0
239 Elekid,45,63,37,95,65,55,Electric,Electric,45,106,0x40,0x0,0x0,0x0,63,25,70,0,0xf,0xf,0x9,0x0,0,0x82,0x0
240 Magby,45,75,37,83,70,55,Fire,Fire,45,117,0x40,0x0,0x88,0x88,63,25,70,0,0xf,0xf,0x31,0x0,0,0x0,0x0
241 Miltank,95,80,105,100,40,70,Normal,Normal,45,200,0x20,0x0,0x1d,0x1d,254,20,70,5,0x5,0x5,0x2f,0x0,0,0x9,0x0
242 Blissey,255,10,10,55,75,135,Normal,Normal,30,255,0x2,0x0,0x0,0xc5,254,40,140,4,0x6,0x6,0x1e,0x20,0,0x9,0x0
243 Raikou,90,85,75,115,115,100,Electric,Electric,3,216,0x80,0x1,0x0,0x0,255,80,35,5,0xf,0xf,0x2e,0x0,0,0x2,0x0
244 Entei,115,115,85,100,90,75,Fire,Fire,3,217,0x9,0x0,0x0,0x0,255,80,35,5,0xf,0xf,0x2e,0x0,0,0x5,0x0
245 Suicune,100,75,115,85,90,115,Water,Water,3,215,0x10,0x8,0x0,0x0,255,80,35,5,0xf,0xf,0x2e,0x0,0,0x1,0x0
246 Larvitar,50,64,50,41,45,50,Rock,Ground,45,67,0x4,0x0,0x0,0x0,127,40,35,5,0x1,0x1,0x3e,0x0,0,0x3,0x0
247 Pupitar,70,84,70,51,65,70,Rock,Ground,45,144,0x8,0x0,0x0,0x0,127,40,35,5,0x1,0x1,0x3d,0x0,0,0x7,0x0
248 Tyranitar,100,134,110,61,95,100,Rock,Dark,45,218,0xc,0x0,0x0,0x0,127,40,35,5,0x1,0x1,0x2d,0x0,0,0x3,0x0
249 Lugia,106,90,130,110,90,154,Psychic,Flying,3,220,0x0,0xc,0x0,0x0,255,120,0,5,0xf,0xf,0x2e,0x0,0,0x8,0x0
250 Ho-Oh,106,130,90,90,110,154,Fire,Flying,3,220,0x0,0xc,0x2d,0x2d,255,120,0,5,0xf,0xf,0x2e,0x0,0,0x0,0x0
251 Celebi,100,100,100,100,100,100,Psychic,Grass,45,64,0x3,0x0,0x8d,0x8d,255,120,100,3,0xf,0xf,0x1e,0x0,0,0x3,0x0
252 ?,50,150,50,150,150,50,0x0,0x0,3,1,0xaa,0xa,0x0,0x0,255,120,0,0,0xf,0xf,0x0,0x0,0,0x4,0x0
253 ?,50,150,50,150,150,50,0x0,0x0,3,1,0xaa,0xa,0x0,0x0,255,120,0,0,0xf,0xf,0x0,0x0,0,0x4,0x0
254 ?,50,150,50,150,150,50,0x0,0x0,3,1,0xaa,0xa,0x0,0x0,255,120,0,0,0xf,0xf,0x0,0x0,0,0x4,0x0
255 ?,50,150,50,150,150,50,0x0,0x0,3,1,0xaa,0xa,0x0,0x0,255,120,0,0,0xf,0xf,0x0,0x0,0,0x4,0x0
256 ?,50,150,50,150,150,50,0x0,0x0,3,1,0xaa,0xa,0x0,0x0,255,120,0,0,0xf,0xf,0x0,0x0,0,0x4,0x0
257 ?,50,150,50,150,150,50,0x0,0x0,3,1,0xaa,0xa,0x0,0x0,255,120,0,0,0xf,0xf,0x0,0x0,0,0x4,0x0
258 ?,50,150,50,150,150,50,0x0,0x0,3,1,0xaa,0xa,0x0,0x0,255,120,0,0,0xf,0xf,0x0,0x0,0,0x4,0x0
259 ?,50,150,50,150,150,50,0x0,0x0,3,1,0xaa,0xa,0x0,0x0,255,120,0,0,0xf,0xf,0x0,0x0,0,0x4,0x0
260 ?,50,150,50,150,150,50,0x0,0x0,3,1,0xaa,0xa,0x0,0x0,255,120,0,0,0xf,0xf,0x0,0x0,0,0x4,0x0
261 ?,50,150,50,150,150,50,0x0,0x0,3,1,0xaa,0xa,0x0,0x0,255,120,0,0,0xf,0xf,0x0,0x0,0,0x4,0x0
262 ?,50,150,50,150,150,50,0x0,0x0,3,1,0xaa,0xa,0x0,0x0,255,120,0,0,0xf,0xf,0x0,0x0,0,0x4,0x0
263 ?,50,150,50,150,150,50,0x0,0x0,3,1,0xaa,0xa,0x0,0x0,255,120,0,0,0xf,0xf,0x0,0x0,0,0x4,0x0
264 ?,50,150,50,150,150,50,0x0,0x0,3,1,0xaa,0xa,0x0,0x0,255,120,0,0,0xf,0xf,0x0,0x0,0,0x4,0x0
265 ?,50,150,50,150,150,50,0x0,0x0,3,1,0xaa,0xa,0x0,0x0,255,120,0,0,0xf,0xf,0x0,0x0,0,0x4,0x0
266 ?,50,150,50,150,150,50,0x0,0x0,3,1,0xaa,0xa,0x0,0x0,255,120,0,0,0xf,0xf,0x0,0x0,0,0x4,0x0
267 ?,50,150,50,150,150,50,0x0,0x0,3,1,0xaa,0xa,0x0,0x0,255,120,0,0,0xf,0xf,0x0,0x0,0,0x4,0x0
268 ?,50,150,50,150,150,50,0x0,0x0,3,1,0xaa,0xa,0x0,0x0,255,120,0,0,0xf,0xf,0x0,0x0,0,0x4,0x0
269 ?,50,150,50,150,150,50,0x0,0x0,3,1,0xaa,0xa,0x0,0x0,255,120,0,0,0xf,0xf,0x0,0x0,0,0x4,0x0
270 ?,50,150,50,150,150,50,0x0,0x0,3,1,0xaa,0xa,0x0,0x0,255,120,0,0,0xf,0xf,0x0,0x0,0,0x4,0x0
271 ?,50,150,50,150,150,50,0x0,0x0,3,1,0xaa,0xa,0x0,0x0,255,120,0,0,0xf,0xf,0x0,0x0,0,0x4,0x0
272 ?,50,150,50,150,150,50,0x0,0x0,3,1,0xaa,0xa,0x0,0x0,255,120,0,0,0xf,0xf,0x0,0x0,0,0x4,0x0
273 ?,50,150,50,150,150,50,0x0,0x0,3,1,0xaa,0xa,0x0,0x0,255,120,0,0,0xf,0xf,0x0,0x0,0,0x4,0x0
274 ?,50,150,50,150,150,50,0x0,0x0,3,1,0xaa,0xa,0x0,0x0,255,120,0,0,0xf,0xf,0x0,0x0,0,0x4,0x0
275 ?,50,150,50,150,150,50,0x0,0x0,3,1,0xaa,0xa,0x0,0x0,255,120,0,0,0xf,0xf,0x0,0x0,0,0x4,0x0
276 ?,50,150,50,150,150,50,0x0,0x0,3,1,0xaa,0xa,0x0,0x0,255,120,0,0,0xf,0xf,0x0,0x0,0,0x4,0x0
277 Treecko,40,45,35,70,65,55,Grass,Grass,45,65,0x40,0x0,0x0,0x0,31,20,70,3,0x1,0xe,0x41,0x0,0,0x3,0x0
278 Grovyle,50,65,45,95,85,65,Grass,Grass,45,141,0x80,0x0,0x0,0x0,31,20,70,3,0x1,0xe,0x41,0x0,0,0x3,0x0
279 Sceptile,70,85,65,120,105,85,Grass,Grass,45,208,0xc0,0x0,0x0,0x0,31,20,70,3,0x1,0xe,0x41,0x0,0,0x3,0x0
280 Torchic,45,60,40,45,70,50,Fire,Fire,45,65,0x0,0x1,0x0,0x0,31,20,70,3,0x5,0x5,0x42,0x0,0,0x0,0x0
281 Combusken,60,85,60,55,85,60,Fire,Fighting,45,142,0x4,0x1,0x0,0x0,31,20,70,3,0x5,0x5,0x42,0x0,0,0x0,0x0
282 Blaziken,80,120,70,80,110,70,Fire,Fighting,45,209,0xc,0x0,0x0,0x0,31,20,70,3,0x5,0x5,0x42,0x0,0,0x0,0x0
283 Mudkip,50,70,50,40,50,50,Water,Water,45,65,0x4,0x0,0x0,0x0,31,20,70,3,0x1,0x2,0x43,0x0,0,0x1,0x0
284 Marshtomp,70,85,70,50,60,70,Water,Ground,45,143,0x8,0x0,0x0,0x0,31,20,70,3,0x1,0x2,0x43,0x0,0,0x1,0x0
285 Swampert,100,110,90,60,85,90,Water,Ground,45,210,0xc,0x0,0x0,0x0,31,20,70,3,0x1,0x2,0x43,0x0,0,0x1,0x0
286 Poochyena,35,55,35,35,30,30,Dark,Dark,255,55,0x4,0x0,0x0,0x87,127,15,70,0,0x5,0x5,0x32,0x0,0,0x7,0x0
287 Mightyena,70,90,70,70,60,60,Dark,Dark,127,128,0x8,0x0,0x0,0x87,127,15,70,0,0x5,0x5,0x16,0x0,0,0x7,0x0
288 Zigzagoon,38,30,41,60,30,41,Normal,Normal,255,60,0x40,0x0,0x0,0x8b,127,15,70,0,0x5,0x5,0x35,0x0,0,0x5,0x0
289 Linoone,78,70,61,100,50,61,Normal,Normal,90,128,0x80,0x0,0x8b,0x8e,127,15,70,0,0x5,0x5,0x35,0x0,0,0x8,0x0
290 Wurmple,45,45,35,20,20,30,Bug,Bug,255,54,0x1,0x0,0x0,0x0,127,15,70,0,0x3,0x3,0x13,0x0,0,0x0,0x0
291 Silcoon,50,35,55,15,25,25,Bug,Bug,120,71,0x20,0x0,0x0,0x0,127,15,70,0,0x3,0x3,0x3d,0x0,0,0x8,0x0
292 Beautifly,60,70,50,65,90,50,Bug,Flying,45,161,0x0,0x3,0x0,0xbc,127,15,70,0,0x3,0x3,0x44,0x0,0,0x2,0x0
293 Cascoon,50,35,55,15,25,25,Bug,Bug,120,72,0x20,0x0,0x0,0x0,127,15,70,0,0x3,0x3,0x3d,0x0,0,0x6,0x0
294 Dustox,60,50,70,65,50,90,Bug,Poison,45,160,0x0,0xc,0x0,0xbc,127,15,70,0,0x3,0x3,0x13,0x0,0,0x3,0x0
295 Lotad,40,30,30,30,40,50,Water,Grass,255,74,0x0,0x4,0x0,0x0,127,15,70,3,0x2,0x7,0x21,0x2c,0,0x3,0x0
296 Lombre,60,50,50,50,60,70,Water,Grass,120,141,0x0,0x8,0x0,0x0,127,15,70,3,0x2,0x7,0x21,0x2c,0,0x3,0x0
297 Ludicolo,80,70,70,70,90,100,Water,Grass,45,181,0x0,0xc,0x0,0x0,127,15,70,3,0x2,0x7,0x21,0x2c,0,0x3,0x0
298 Seedot,40,40,50,30,30,30,Grass,Grass,255,74,0x10,0x0,0x0,0x0,127,15,70,3,0x5,0x7,0x22,0x30,0,0x5,0x0
299 Nuzleaf,70,70,40,60,60,40,Grass,Dark,120,141,0x8,0x0,0x0,0x0,127,15,70,3,0x5,0x7,0x22,0x30,0,0x5,0x0
300 Shiftry,90,100,60,80,90,60,Grass,Dark,45,181,0xc,0x0,0x0,0x0,127,15,70,3,0x5,0x7,0x22,0x30,0,0x5,0x0
301 Nincada,31,45,90,40,30,30,Bug,Ground,255,65,0x10,0x0,0x0,0x0,127,15,70,1,0x3,0x3,0xe,0x0,0,0x7,0x0
302 Ninjask,61,90,45,160,50,50,Bug,Flying,120,155,0x80,0x0,0x0,0x0,127,15,70,1,0x3,0x3,0x3,0x0,0,0x2,0x0
303 Shedinja,1,90,45,40,30,30,Bug,Ghost,45,95,0x2,0x0,0x0,0x0,255,15,70,1,0xa,0xa,0x19,0x0,0,0x5,0x0
304 Taillow,40,55,30,85,30,30,Normal,Flying,200,59,0x40,0x0,0x0,0x0,127,15,70,3,0x4,0x4,0x3e,0x0,0,0x1,0x0
305 Swellow,60,85,60,125,50,50,Normal,Flying,45,162,0x80,0x0,0x0,0x0,127,15,70,3,0x4,0x4,0x3e,0x0,0,0x1,0x0
306 Shroomish,60,40,60,35,40,60,Grass,Grass,255,65,0x1,0x0,0x0,0x0,127,15,70,2,0x6,0x7,0x1b,0x0,0,0x5,0x0
307 Breloom,60,130,80,70,60,60,Grass,Fighting,90,165,0x8,0x0,0x0,0x0,127,15,70,2,0x6,0x7,0x1b,0x0,0,0x3,0x0
308 Spinda,60,60,60,60,60,60,Normal,Normal,255,85,0x0,0x1,0x0,0x86,127,15,70,4,0x5,0x8,0x14,0x0,0,0x85,0x0
309 Wingull,40,30,30,85,55,30,Water,Flying,190,64,0x40,0x0,0x0,0x0,127,20,70,0,0x2,0x4,0x33,0x0,0,0x8,0x0
310 Pelipper,60,50,100,65,85,70,Water,Flying,45,164,0x20,0x0,0x0,0x0,127,20,70,0,0x2,0x4,0x33,0x0,0,0x2,0x0
311 Surskit,40,30,32,65,50,52,Bug,Water,200,63,0x40,0x0,0x0,0x0,127,15,70,0,0x2,0x3,0x21,0x0,0,0x1,0x0
312 Masquerain,70,60,62,60,80,82,Bug,Flying,75,128,0x0,0x5,0x0,0xbc,127,15,70,0,0x2,0x3,0x16,0x0,0,0x1,0x0
313 Wailmer,130,70,35,60,70,35,Water,Water,125,137,0x1,0x0,0x0,0x0,127,40,70,2,0x5,0xc,0x29,0xc,0,0x1,0x0
314 Wailord,170,90,45,60,90,45,Water,Water,60,206,0x2,0x0,0x0,0x0,127,40,70,2,0x5,0xc,0x29,0xc,0,0x1,0x0
315 Skitty,50,45,45,50,35,35,Normal,Normal,255,65,0x40,0x0,0x0,0x8a,191,15,70,4,0x5,0x6,0x38,0x0,0,0x9,0x0
316 Delcatty,70,65,65,70,55,55,Normal,Normal,60,138,0x41,0x0,0x0,0x8a,191,15,70,4,0x5,0x6,0x38,0x0,0,0x6,0x0
317 Kecleon,60,90,70,40,60,120,Normal,Normal,200,132,0x0,0x4,0x0,0x8c,127,20,70,3,0x5,0x5,0x10,0x0,0,0x3,0x0
318 Baltoy,40,40,55,55,40,70,Ground,Psychic,255,58,0x0,0x4,0x0,0x0,255,20,70,0,0xa,0xa,0x1a,0x0,0,0x5,0x0
319 Claydol,60,70,105,75,70,120,Ground,Psychic,90,189,0x0,0x8,0x0,0x0,255,20,70,0,0xa,0xa,0x1a,0x0,0,0x4,0x0
320 Nosepass,30,45,135,30,45,90,Rock,Rock,255,108,0x10,0x0,0x0,0x0,127,20,70,0,0xa,0xa,0x5,0x2a,0,0x7,0x0
321 Torkoal,70,85,140,20,85,70,Fire,Fire,90,161,0x20,0x0,0x0,0x0,127,20,70,0,0x5,0x5,0x49,0x0,0,0x5,0x0
322 Sableye,50,75,75,50,65,65,Dark,Ghost,45,98,0x14,0x0,0x0,0x0,127,25,35,3,0x8,0x8,0x33,0x0,0,0x6,0x0
323 Barboach,50,48,43,60,46,41,Water,Ground,190,92,0x1,0x0,0x0,0x0,127,20,70,0,0xc,0xc,0xc,0x0,0,0x7,0x0
324 Whiscash,110,78,73,60,76,71,Water,Ground,75,158,0x2,0x0,0x0,0x0,127,20,70,0,0xc,0xc,0xc,0x0,0,0x1,0x0
325 Luvdisc,43,30,55,97,40,65,Water,Water,225,110,0x40,0x0,0x6f,0x0,191,20,70,4,0xc,0xc,0x21,0x0,0,0x9,0x0
326 Corphish,43,80,65,35,50,35,Water,Water,205,111,0x4,0x0,0x0,0x0,127,15,70,2,0x2,0x9,0x34,0x4b,0,0x0,0x0
327 Crawdaunt,63,120,85,55,90,55,Water,Dark,155,161,0x8,0x0,0x0,0x0,127,15,70,2,0x2,0x9,0x34,0x4b,0,0x0,0x0
328 Feebas,20,15,20,80,10,55,Water,Water,255,61,0x40,0x0,0x0,0x0,127,20,70,1,0x2,0xe,0x21,0x0,0,0x5,0x0
329 Milotic,95,60,79,81,100,125,Water,Water,60,213,0x0,0x8,0x0,0x0,127,20,70,1,0x2,0xe,0x3f,0x0,0,0x9,0x0
330 Carvanha,45,90,20,65,65,20,Water,Dark,225,88,0x4,0x0,0x0,0x0,127,20,35,5,0xc,0xc,0x18,0x0,0,0x0,0x0
331 Sharpedo,70,120,40,95,95,40,Water,Dark,60,175,0x8,0x0,0x0,0x0,127,20,35,5,0xc,0xc,0x18,0x0,0,0x1,0x0
332 Trapinch,45,100,45,10,45,45,Ground,Ground,255,73,0x4,0x0,0x0,0xcb,127,20,70,3,0x3,0x3,0x34,0x47,0,0x5,0x0
333 Vibrava,50,70,50,70,50,50,Ground,Dragon,120,126,0x44,0x0,0x0,0x0,127,20,70,3,0x3,0x3,0x1a,0x1a,0,0x3,0x0
334 Flygon,80,100,80,100,80,80,Ground,Dragon,45,197,0x84,0x0,0x0,0x0,127,20,70,3,0x3,0x3,0x1a,0x1a,0,0x3,0x0
335 Makuhita,72,60,30,25,20,30,Fighting,Fighting,180,87,0x1,0x0,0x0,0x0,63,20,70,2,0x8,0x8,0x2f,0x3e,0,0x2,0x0
336 Hariyama,144,120,60,50,40,60,Fighting,Fighting,200,184,0x2,0x0,0x0,0xbb,63,20,70,2,0x8,0x8,0x2f,0x3e,0,0x5,0x0
337 Electrike,40,45,40,65,65,40,Electric,Electric,120,104,0x40,0x0,0x0,0x0,127,20,70,5,0x5,0x5,0x9,0x1f,0,0x3,0x0
338 Manectric,70,75,60,105,105,60,Electric,Electric,45,168,0x80,0x0,0x0,0x0,127,20,70,5,0x5,0x5,0x9,0x1f,0,0x2,0x0
339 Numel,60,60,40,35,65,45,Fire,Ground,255,88,0x0,0x1,0x88,0x88,127,20,70,0,0x5,0x5,0xc,0x0,0,0x2,0x0
340 Camerupt,70,100,70,40,105,75,Fire,Ground,150,175,0x4,0x1,0x88,0x88,127,20,70,0,0x5,0x5,0x28,0x0,0,0x0,0x0
341 Spheal,70,40,50,25,55,50,Ice,Water,255,75,0x1,0x0,0x0,0x0,127,20,70,3,0x2,0x5,0x2f,0x0,0,0x1,0x0
342 Sealeo,90,60,70,45,75,70,Ice,Water,120,128,0x2,0x0,0x0,0x0,127,20,70,3,0x2,0x5,0x2f,0x0,0,0x1,0x0
343 Walrein,110,80,90,65,95,90,Ice,Water,45,192,0x3,0x0,0x0,0x0,127,20,70,3,0x2,0x5,0x2f,0x0,0,0x1,0x0
344 Cacnea,50,85,40,35,85,40,Grass,Grass,190,97,0x0,0x1,0x0,0xd3,127,20,35,3,0x7,0x8,0x8,0x0,0,0x3,0x0
345 Cacturne,70,115,60,55,115,60,Grass,Dark,60,177,0x4,0x1,0x0,0xd3,127,20,35,3,0x7,0x8,0x8,0x0,0,0x3,0x0
346 Snorunt,50,50,50,50,50,50,Ice,Ice,190,74,0x1,0x0,0x0,0x0,127,20,70,0,0x6,0xa,0x27,0x0,0,0x7,0x0
347 Glalie,80,80,80,80,80,80,Ice,Ice,75,187,0x2,0x0,0x0,0xd4,127,20,70,0,0x6,0xa,0x27,0x0,0,0x7,0x0
348 Lunatone,70,55,65,70,95,85,Rock,Psychic,45,150,0x0,0x2,0x0,0x5e,255,25,70,4,0xa,0xa,0x1a,0x0,0,0x2,0x0
349 Solrock,70,95,85,70,55,65,Rock,Psychic,45,150,0x8,0x0,0x0,0x5d,255,25,70,4,0xa,0xa,0x1a,0x0,0,0x0,0x0
350 Azurill,50,20,40,20,20,40,Normal,Normal,150,33,0x1,0x0,0x0,0x0,191,10,70,4,0xf,0xf,0x2f,0x25,0,0x1,0x0
351 Spoink,60,25,35,60,70,80,Psychic,Psychic,255,89,0x0,0x4,0x0,0x0,127,20,70,4,0x5,0x5,0x2f,0x14,0,0x4,0x0
352 Grumpig,80,45,65,80,90,110,Psychic,Psychic,60,164,0x0,0x8,0x0,0x0,127,20,70,4,0x5,0x5,0x2f,0x14,0,0x6,0x0
353 Plusle,60,50,40,95,85,75,Electric,Electric,200,120,0x40,0x0,0x0,0x0,127,20,70,0,0x6,0x6,0x39,0x0,0,0x2,0x0
354 Minun,60,40,50,95,75,85,Electric,Electric,200,120,0x40,0x0,0x0,0x0,127,20,70,0,0x6,0x6,0x3a,0x0,0,0x2,0x0
355 Mawile,50,85,85,50,55,55,Steel,Steel,45,98,0x14,0x0,0x0,0x0,127,20,70,4,0x5,0x6,0x34,0x16,0,0x4,0x0
356 Meditite,30,40,55,60,40,55,Fighting,Psychic,180,91,0x40,0x0,0x0,0x0,127,20,70,0,0x8,0x8,0x4a,0x0,0,0x1,0x0
357 Medicham,60,60,75,80,60,75,Fighting,Psychic,90,153,0x80,0x0,0x0,0x0,127,20,70,0,0x8,0x8,0x4a,0x0,0,0x0,0x0
358 Swablu,45,40,60,50,40,75,Normal,Flying,255,74,0x0,0x4,0x0,0x0,127,20,70,1,0x4,0xe,0x1e,0x0,0,0x1,0x0
359 Altaria,75,70,90,80,70,105,Dragon,Flying,45,188,0x0,0x8,0x0,0x0,127,20,70,1,0x4,0xe,0x1e,0x0,0,0x1,0x0
360 Wynaut,95,23,48,23,23,48,Psychic,Psychic,125,44,0x1,0x0,0x0,0x0,127,20,70,0,0xf,0xf,0x17,0x0,0,0x1,0x0
361 Duskull,20,40,90,25,30,90,Ghost,Ghost,190,97,0x10,0x4,0x0,0xd5,127,25,35,4,0xb,0xb,0x1a,0x0,0,0x4,0x0
362 Dusclops,40,70,130,25,60,130,Ghost,Ghost,90,179,0x10,0x8,0x0,0xd5,127,25,35,4,0xb,0xb,0x2e,0x0,0,0x4,0x0
363 Roselia,50,60,45,65,100,80,Grass,Poison,150,152,0x0,0x1,0x0,0xd3,127,20,70,3,0x6,0x7,0x1e,0x26,0,0x83,0x0
364 Slakoth,60,60,60,30,35,35,Normal,Normal,255,83,0x1,0x0,0x0,0x0,127,15,70,5,0x5,0x5,0x36,0x0,0,0x5,0x0
365 Vigoroth,80,80,80,90,55,55,Normal,Normal,120,126,0x80,0x0,0x0,0x0,127,15,70,5,0x5,0x5,0x48,0x0,0,0x8,0x0
366 Slaking,150,160,100,100,95,65,Normal,Normal,45,210,0x3,0x0,0x0,0x0,127,15,70,5,0x5,0x5,0x36,0x0,0,0x5,0x0
367 Gulpin,70,43,53,40,43,53,Poison,Poison,225,75,0x1,0x0,0x0,0x6b,127,20,70,2,0xb,0xb,0x40,0x3c,0,0x3,0x0
368 Swalot,100,73,83,55,73,83,Poison,Poison,75,168,0x2,0x0,0x0,0x6b,127,20,70,2,0xb,0xb,0x40,0x3c,0,0x6,0x0
369 Tropius,99,68,83,51,72,87,Grass,Flying,200,169,0x2,0x0,0x0,0x0,127,25,70,5,0x1,0x7,0x22,0x0,0,0x3,0x0
370 Whismur,64,51,23,28,51,23,Normal,Normal,190,68,0x1,0x0,0x0,0x86,127,20,70,3,0x1,0x5,0x2b,0x0,0,0x9,0x0
371 Loudred,84,71,43,48,71,43,Normal,Normal,120,126,0x2,0x0,0x0,0x86,127,20,70,3,0x1,0x5,0x2b,0x0,0,0x1,0x0
372 Exploud,104,91,63,68,91,63,Normal,Normal,45,184,0x3,0x0,0x0,0x86,127,20,70,3,0x1,0x5,0x2b,0x0,0,0x1,0x0
373 Clamperl,35,64,85,32,74,55,Water,Water,255,142,0x10,0x0,0x0,0x31,127,20,70,1,0x2,0x2,0x4b,0x0,0,0x1,0x0
374 Huntail,55,104,105,52,94,75,Water,Water,60,178,0x14,0x0,0x0,0x0,127,20,70,1,0x2,0x2,0x21,0x0,0,0x1,0x0
375 Gorebyss,55,84,105,52,114,75,Water,Water,60,178,0x0,0x2,0x0,0x0,127,20,70,1,0x2,0x2,0x21,0x0,0,0x9,0x0
376 Absol,65,130,60,75,75,60,Dark,Dark,30,174,0x8,0x0,0x0,0x0,127,25,35,3,0x5,0x5,0x2e,0x0,0,0x88,0x0
377 Shuppet,44,75,35,45,63,33,Ghost,Ghost,225,97,0x4,0x0,0x0,0xd5,127,25,35,4,0xb,0xb,0xf,0x0,0,0x4,0x0
378 Banette,64,115,65,65,83,63,Ghost,Ghost,45,179,0x8,0x0,0x0,0xd5,127,25,35,4,0xb,0xb,0xf,0x0,0,0x4,0x0
379 Seviper,73,100,60,65,100,60,Poison,Poison,90,165,0x4,0x1,0x0,0x0,127,20,70,2,0x5,0xe,0x3d,0x0,0,0x84,0x0
380 Zangoose,73,115,60,90,60,60,Normal,Normal,90,165,0x8,0x0,0x0,0x0,127,20,70,1,0x5,0x5,0x11,0x0,0,0x88,0x0
381 Relicanth,100,90,130,55,45,65,Water,Rock,25,198,0x11,0x0,0x0,0x33,31,40,70,5,0x2,0xc,0x21,0x45,0,0x7,0x0
382 Aron,50,70,100,30,40,40,Steel,Rock,180,96,0x10,0x0,0x0,0xcc,127,35,35,5,0x1,0x1,0x5,0x45,0,0x7,0x0
383 Lairon,60,90,140,40,50,50,Steel,Rock,90,152,0x20,0x0,0x0,0xcc,127,35,35,5,0x1,0x1,0x5,0x45,0,0x7,0x0
384 Aggron,70,110,180,50,60,60,Steel,Rock,45,205,0x30,0x0,0x0,0xcc,127,35,35,5,0x1,0x1,0x5,0x45,0,0x7,0x0
385 Castform,70,70,70,70,70,70,Normal,Normal,45,145,0x1,0x0,0xd1,0xd1,127,25,70,0,0x6,0xb,0x3b,0x0,0,0x8,0x0
386 Volbeat,65,73,55,85,47,75,Bug,Bug,150,146,0x40,0x0,0x0,0x0,0,15,70,1,0x3,0x8,0x23,0x44,0,0x7,0x0
387 Illumise,65,47,55,85,73,75,Bug,Bug,150,146,0x40,0x0,0x0,0x0,254,15,70,2,0x3,0x8,0xc,0x0,0,0x6,0x0
388 Lileep,66,41,77,23,61,87,Rock,Grass,45,121,0x0,0x4,0x0,0x0,31,30,70,1,0x9,0x9,0x15,0x0,0,0x6,0x0
389 Cradily,86,81,97,43,81,107,Rock,Grass,45,201,0x0,0x8,0x0,0x0,31,30,70,1,0x9,0x9,0x15,0x0,0,0x3,0x0
390 Anorith,45,95,50,75,40,50,Rock,Bug,45,119,0x4,0x0,0x0,0x0,31,30,70,1,0x9,0x9,0x4,0x0,0,0x7,0x0
391 Armaldo,75,125,100,45,70,80,Rock,Bug,45,200,0x8,0x0,0x0,0x0,31,30,70,1,0x9,0x9,0x4,0x0,0,0x7,0x0
392 Ralts,28,25,25,40,45,35,Psychic,Psychic,235,70,0x0,0x1,0x0,0x0,127,20,35,5,0xb,0xb,0x1c,0x24,0,0x8,0x0
393 Kirlia,38,35,35,50,65,55,Psychic,Psychic,120,140,0x0,0x2,0x0,0x0,127,20,35,5,0xb,0xb,0x1c,0x24,0,0x8,0x0
394 Gardevoir,68,65,65,80,125,115,Psychic,Psychic,45,208,0x0,0x3,0x0,0x0,127,20,35,5,0xb,0xb,0x1c,0x24,0,0x8,0x0
395 Bagon,45,75,60,50,40,30,Dragon,Dragon,45,89,0x4,0x0,0x0,0xc9,127,40,35,5,0xe,0xe,0x45,0x0,0,0x1,0x0
396 Shelgon,65,95,100,50,60,50,Dragon,Dragon,45,144,0x20,0x0,0x0,0xc9,127,40,35,5,0xe,0xe,0x45,0x0,0,0x8,0x0
397 Salamence,95,135,80,100,110,80,Dragon,Flying,45,218,0xc,0x0,0x0,0xc9,127,40,35,5,0xe,0xe,0x16,0x0,0,0x1,0x0
398 Beldum,40,55,80,30,35,60,Steel,Psychic,3,103,0x10,0x0,0x0,0xc7,255,40,35,5,0xa,0xa,0x1d,0x0,0,0x1,0x0
399 Metang,60,75,100,50,55,80,Steel,Psychic,3,153,0x20,0x0,0x0,0xc7,255,40,35,5,0xa,0xa,0x1d,0x0,0,0x1,0x0
400 Metagross,80,135,130,70,95,90,Steel,Psychic,3,210,0x30,0x0,0x0,0xc7,255,40,35,5,0xa,0xa,0x1d,0x0,0,0x1,0x0
401 Regirock,80,100,200,50,50,100,Rock,Rock,3,217,0x30,0x0,0x0,0x0,255,80,35,5,0xf,0xf,0x1d,0x0,0,0x5,0x0
402 Regice,80,50,100,50,100,200,Ice,Ice,3,216,0x0,0xc,0x0,0x0,255,80,35,5,0xf,0xf,0x1d,0x0,0,0x1,0x0
403 Registeel,80,75,150,50,75,150,Steel,Steel,3,215,0x20,0x4,0x0,0x0,255,80,35,5,0xf,0xf,0x1d,0x0,0,0x7,0x0
404 Kyogre,100,100,90,90,150,140,Water,Water,5,218,0x0,0x3,0x0,0x0,255,120,0,5,0xf,0xf,0x2,0x0,0,0x1,0x0
405 Groudon,100,150,140,90,100,90,Ground,Ground,5,218,0xc,0x0,0x0,0x0,255,120,0,5,0xf,0xf,0x46,0x0,0,0x0,0x0
406 Rayquaza,105,150,90,95,150,90,Dragon,Flying,3,220,0x8,0x1,0x0,0x0,255,120,0,5,0xf,0xf,0x4d,0x0,0,0x3,0x0
407 Latias,80,80,90,110,110,130,Dragon,Psychic,3,211,0x0,0xc,0x0,0x0,254,120,90,5,0xf,0xf,0x1a,0x0,0,0x0,0x0
408 Latios,80,90,80,110,130,110,Dragon,Psychic,3,211,0x0,0x3,0x0,0x0,0,120,90,5,0xf,0xf,0x1a,0x0,0,0x1,0x0
409 Jirachi,100,100,100,100,100,100,Steel,Psychic,3,215,0x3,0x0,0x6d,0x6d,255,120,100,5,0xf,0xf,0x20,0x0,0,0x2,0x0
410 Deoxys,50,150,50,150,150,50,Psychic,Psychic,3,215,0x44,0x1,0x0,0x0,255,120,0,5,0xf,0xf,0x2e,0x0,0,0x80,0x0
411 Chimecho,65,50,70,65,95,80,Psychic,Psychic,45,147,0x0,0x5,0x0,0x0,127,25,70,4,0xb,0xb,0x1a,0x0,0,0x1,0x0
412 Egg,33,2,45,8,73,14,0x16,0x14,77,30,0x4f,0x1e,0x284b,0x32e6,74,64,235,78,0x4c,0x5c,0xff,0xff,33,0x2d02,0x2
413 Unown B,73,2,45,8,73,14,0x16,0x14,77,30,0x4f,0x1e,0x2c4b,0x3ae6,74,76,235,94,0x4c,0x70,0xff,0xff,33,0x2d02,0x2
414 Unown C,73,2,22,2,45,8,0x49,0xe,22,20,0x4d,0x1e,0x1e4f,0x2c4b,230,58,74,82,0xeb,0x6a,0x4c,0x82,255,0xaff,0x2
415 Unown D,45,2,52,14,108,26,0x63,0x26,184,50,0x35,0x3e,0x4aa3,0x5652,83,98,255,255,0xa,0x2,0x2d,0x2,52,0x3402,0xe
416 Unown E,108,26,99,40,184,54,0x35,0x44,163,82,0x52,0x60,0x6e53,0xffff,10,2,45,2,0x34,0x2,0x6c,0x2,52,0x6c0e,0x1a
417 Unown F,99,40,184,54,53,68,0x11,0x48,163,88,0x52,0x6c,0x8053,0xffff,33,2,39,8,0x91,0xe,0x6e,0x14,55,0x2c1a,0x24
418 Unown G,229,46,182,56,240,66,0x82,0x50,56,94,0xff,0xff,0x221,0x227,145,2,39,8,0x91,0xe,0x6e,0x14,55,0x2c1a,0x26
419 Unown H,229,50,182,62,240,74,0x82,0x5a,56,106,0xff,0xff,0x221,0x227,145,2,110,2,0x27,0x8,0x91,0xe,110,0x3714,0x1a
420 Unown I,44,38,229,50,182,62,0xf0,0x54,130,110,0x38,0x88,0xffff,0x221,81,2,255,255,0x6a,0x2,0x6a,0xe,255,0x5dff,0x2
421 Unown J,93,20,77,26,78,28,0x4f,0x1e,48,36,0x12,0x2e,0x3810,0x443c,219,80,62,95,0xff,0xff,0x28,0x2,81,0xff02,0xff
422 Unown K,106,2,106,14,255,255,0x1f,0x2,31,20,0x74,0x1e,0x2829,0x3263,228,60,42,70,0x61,0x50,0x1b,0x5b,255,0x21ff,0x2
423 Unown L,28,10,16,18,98,26,0x12,0x26,17,50,0x29,0x3f,0x4e61,0x5e77,255,255,33,2,0x1c,0x2,0x10,0x2,28,0x100a,0x12
424 Unown M,98,26,18,40,17,54,0x29,0x45,97,86,0x77,0x68,0xffff,0x221,28,2,16,2,0x62,0x2,0x1c,0xa,16,0x6212,0x1a
425 Unown N,18,40,17,54,41,69,0x61,0x60,119,124,0xff,0xff,0x221,0x227,98,14,158,26,0x74,0x28,0xe4,0x36,162,0x1b44,0x53
426 Unown O,255,255,33,2,39,2,0x62,0x2,98,14,0x9e,0x1a,0x28b8,0x3ce4,162,80,27,101,0xff,0xff,0x40,0x2,45,0x2b02,0xe
427 Unown P,31,26,228,38,76,51,0x77,0x3e,65,74,0x61,0x56,0xffff,0x240,45,2,43,2,0x1f,0x2,0x2b,0xe,31,0xe41a,0x34
428 Unown Q,119,64,65,80,97,94,0xff,0xff,35,2,0x2b,0x2,0x1028,0x1a2c,137,40,103,50,0x33,0x40,0xfe,0x4a,0,0xff4b,0x4a
429 Unown R,114,88,255,255,35,2,0x2b,0x2,40,2,0x2c,0x2,0x1028,0x1a2c,137,40,103,56,0x33,0x4c,0xfe,0x5c,0,0xff5d,0x5c
430 Unown S,114,112,255,255,84,2,0x2d,0x2,39,12,0x56,0x10,0x1662,0x1e68,21,40,85,52,0x61,0x42,0x57,0x52,113,0xff64,0xff
431 Unown T,84,2,39,2,98,2,0x55,0x2,255,255,0xa,0x2,0xc6f,0x161c,40,34,163,46,0x81,0x3c,0x9a,0x4a,72,0xc95b,0x6a
432 Unown U,255,255,10,2,111,2,0x1c,0x2,111,12,0x1c,0x16,0x2228,0x30a3,129,66,154,84,0x48,0x69,0xc9,0x7c,255,0x2dff,0x2
433 Unown V,10,2,39,16,24,24,0x28,0x22,44,40,0xe,0x2f,0x3c9a,0x4d04,242,94,255,255,0x2d,0x2,0xa,0x2,39,0x1810,0x18
434 Unown W,40,36,44,44,14,53,0x9a,0x44,4,87,0xf2,0x6a,0xffff,0x20a,39,2,24,2,0x28,0x2,0x22,0x2e,255,0x2bff,0x2
435 Unown X,64,2,116,16,24,24,0x28,0x22,30,40,0xe,0x2f,0x3c1f,0x4d04,32,94,255,255,0x2b,0x2,0x40,0x2,116,0x1810,0x18
436 Unown Y,40,36,30,44,14,53,0x1f,0x44,4,87,0x20,0x6a,0xffff,0x240,116,2,24,2,0x28,0x2,0x25,0x2e,255,0x1ff,0x2
437 Unown Z,45,2,227,10,47,18,0x3,0x1a,10,35,0x6b,0x2a,0x326f,0x3a76,66,67,236,74,0x71,0x52,0x35,0x5b,255,0x2fff,0x2
438 Unown !,3,2,107,2,118,2,0xff,0xff,52,2,0x27,0xa,0x122e,0x1a62,5,35,109,42,0x1e,0x33,0x35,0x3a,219,0x2042,0x4b
439 Unown ?,83,82,255,255,52,2,0x62,0x2,109,2,0xdb,0x2,0x5a53,0xffff,47,2,111,8,0x1,0x12,0x32,0x1c,205,0x326,0x30
